avg_train_loss,avg_val_loss,avg_training_time,avg_mape,avg_rmse,avg_mae
3.342641830444336,4.0584025382995605,27.807894945144653,3.5331565886735916,2.5971193,2.0086417
