avg_train_loss,avg_val_loss,avg_training_time,avg_mape,avg_rmse,avg_mae
3.32154324054718,4.036059424877167,29.68159782409668,3.29448214918375,2.4996138,1.9049524
